<?xml version="1.0" encoding="UTF-8"?>
<T3locallangExt>
  <data type="array">
    <languageKey index="fr" type="array">
      <label index="please_select">Veuillez sélectionner...</label>
      <label index="tx_powermail_forms">Formulaires</label>
      <label index="tt_content.CType_pi1">powermail</label>
      <label index="tx_powermail_forms.title">Titre du formulaire</label>
      <label index="tx_powermail_forms.fieldsets">Pages de formulaire</label>
      <label index="tx_powermail_forms.preview">Prévisualiser</label>
      <label index="tx_powermail_forms.recipient">Destinataire</label>
      <label index="tx_powermail_forms.subject_r">Sujet du mail au destinataire</label>
      <label index="tx_powermail_forms.subject_s">Sujet du mail à l'expéditeur</label>
      <label index="tx_powermail_forms.sender">Champ de l'expéditeur (email)</label>
      <label index="tx_powermail_forms.sendername">Nom de l'expéditeur</label>
      <label index="tx_powermail_forms.confirm">Activer la page de confirmation</label>
      <label index="tx_powermail_forms.startingpoint">Sauvegarder les mails dans la page</label>
      <label index="tx_powermail_forms.multiple">Étapes multiples (Chaque groupe de champs est une page)</label>
      <label index="tx_powermail_forms.multiple.I.0">Présenter tous les groupes de champs sur la même page (par défaut)</label>
      <label index="tx_powermail_forms.multiple.I.1">Etapes JS multiples</label>
      <label index="tx_powermail_forms.multiple.I.2">Etapes PHP multiples</label>
      <label index="tx_powermail_forms.recip_table">Table des destinataires</label>
      <label index="tx_powermail_forms.recip_id">Destinataires de la table ci-dessus</label>
      <label index="tx_powermail_forms.recip_field">Nom du champ où l'e-mail est stocké</label>
      <label index="tx_powermail_forms.query">Requête SQL alternative</label>
      <label index="tx_powermail_forms.thanks">Texte de réponse (affiché sur le site web)</label>
      <label index="tx_powermail_forms.mailsender">Texte de l'email pour l'expéditeur</label>
      <label index="tx_powermail_forms.mailsender.default">Merci pour votre message. Votre texte: ###POWERMAIL_ALL###</label>
      <label index="tx_powermail_forms.mailreceiver">Texte de l'email pour le destinataire</label>
      <label index="tx_powermail_forms.mailreceiver.default">Ceci est un email de votre site web. Le texte: ###POWERMAIL_ALL###</label>
      <label index="tx_powermail_forms.redirect">Redirection automatique après la page de confirmation</label>
      <label index="tx_powermail_forms.updateError">Erreur Powermail : Merci de retourner au gestionnaire d'extension, choisir Powermail et cliquer sur le bouton "Mise à jour" !</label>
      <label index="tx_powermail_forms.noError">Aucune erreur trouvée</label>
      <label index="tx_powermail_fieldsets">Groupe de champs</label>
      <label index="tx_powermail_fieldsets.form">Formulaire</label>
      <label index="tx_powermail_fieldsets.title">Titre</label>
      <label index="tx_powermail_fieldsets.fields">Champs</label>
      <label index="tx_powermail_fieldsets.addition">Réglages additionnels</label>
      <label index="tx_powermail_fieldsets.class">Ajouter une classe CSS</label>
      <label index="tx_powermail_fieldsets.tt_content">Élément de contenu Powermail</label>
      <label index="tx_powermail_fields">Champ</label>
      <label index="tx_powermail_fields.fieldset">Groupe de champs</label>
      <label index="tx_powermail_fields.title">Titre</label>
      <label index="tx_powermail_fields.name">Nom</label>
      <label index="tx_powermail_fields.description">Description</label>
      <label index="tx_powermail_fields.type">Type de champ</label>
      <label index="tx_powermail_fields.field">Réglages</label>
      <label index="tx_powermail_fields.fe_field">Remplir ce champ avec le champ fe_user</label>
      <label index="tx_powermail_fields.class">Ajouter une classe CSS</label>
      <label index="tx_powermail_fields.pattern">Motif RegExp</label>
      <label index="tx_powermail_mails">Mails</label>
      <label index="tx_powermail_mails.formid">ID du contenu où se trouve le formulaire</label>
      <label index="tx_powermail_mails.recipient">Destinataire</label>
      <label index="tx_powermail_mails.cc_recipient">Copie Cachée ( destinataire )</label>
      <label index="tx_powermail_mails.subject_r">Sujet</label>
      <label index="tx_powermail_mails.sender">Expéditeur</label>
      <label index="tx_powermail_mails.content">Contenu</label>
      <label index="tx_powermail_mails.content_RTE">Editeur HTML en plein écran</label>
      <label index="tx_powermail_mails.piVars">Toutes les valeurs</label>
      <label index="tx_powermail_mails.senderIP">Adresse IP de l'expéditeur</label>
      <label index="tx_powermail_mails.UserAgent">Agent utilisateur de l'expéditeur</label>
      <label index="tx_powermail_mails.Referer">Lien sur la page du formulaire</label>
      <label index="tx_powermail_mails.SP_TZ">Lieu d'utilisateur</label>
      <label index="tx_powermail_mails.Additional">Informations complémentaires</label>
      <label index="tx_powermail_mails.feuser">Remplir à partir d'un Utilisateur FE</label>
      <label index="tt_content.list_type_pi1">Powermail</label>
      <label index="tx_powermail_forms.div1">Données du formulaire</label>
      <label index="tx_powermail_forms.div2">Champs</label>
      <label index="tx_powermail_forms.div4">Destinataires</label>
      <label index="tx_powermail_forms.div3">Expéditeur</label>
      <label index="tx_powermail_forms.div5">Page de réponse</label>
      <label index="tx_powermail_forms.div6">Texte du mail à l'expéditeur</label>
      <label index="tx_powermail_forms.div7">Texte du mail au destinataire</label>
      <label index="tx_powermail_forms.div8">Accès</label>
      <label index="tx_powermail_forms.fieldtitle.text">Champ texte simple</label>
      <label index="tx_powermail_forms.fieldtitle.textarea">Champ texte multi-lignes</label>
      <label index="tx_powermail_forms.fieldtitle.select">Menu déroulant</label>
      <label index="tx_powermail_forms.fieldtitle.check">Case(s) à cocher</label>
      <label index="tx_powermail_forms.fieldtitle.radio">Bouton(s) radio</label>
      <label index="tx_powermail_forms.fieldtitle.password">Champ mot de passe</label>
      <label index="tx_powermail_forms.fieldtitle.file">Chargement de fichier</label>
      <label index="tx_powermail_forms.fieldtitle.content">Contenu de page TYPO3</label>
      <label index="tx_powermail_forms.fieldtitle.hidden">Champ caché</label>
      <label index="tx_powermail_forms.fieldtitle.label">Afficher un texte</label>
      <label index="tx_powermail_forms.fieldtitle.html">Saisir du code HTML</label>
      <label index="tx_powermail_forms.fieldtitle.submit">Bouton de validation</label>
      <label index="tx_powermail_forms.fieldtitle.reset">Bouton de réinitialisation</label>
      <label index="tx_powermail_forms.fieldtitle.datetime">Champ heure et date</label>
      <label index="tx_powermail_forms.fieldtitle.date">Champ la date</label>
      <label index="tx_powermail_forms.fieldtitle.button">Bouton</label>
      <label index="tx_powermail_forms.fieldtitle.submitgraphic">Bouton sous forme d'image</label>
      <label index="tx_powermail_forms.fieldtitle.countryselect">Séléction de pays</label>
      <label index="tx_powermail_forms.fieldtitle.captcha">Demande de captcha</label>
      <label index="tx_powermail_forms.fieldtitle.typoscript">Ajouter un object typoscript</label>
      <label index="tx_powermail_forms.fieldtitle.div1">Satndard</label>
      <label index="tx_powermail_forms.fieldtitle.div2">Extra</label>
      <label index="tx_powermail_forms.fieldtitle.div3">Extensions</label>
      <label index="tx_powermail_forms.xml.name">Noms des modèles</label>
      <label index="tx_powermail_forms.xml.label">Description</label>
      <label index="tx_powermail_forms.xml.size">Taille</label>
      <label index="tx_powermail_forms.xml.maxlength">Longueur max.</label>
      <label index="tx_powermail_forms.xml.readonly">Lecture uniquement</label>
      <label index="tx_powermail_forms.xml.mandatory">Champ obligatoire</label>
      <label index="tx_powermail_forms.xml.cols">Nombre de colonnes</label>
      <label index="tx_powermail_forms.xml.rows">Nombre de lignes</label>
      <label index="tx_powermail_forms.xml.wrap">Retour à la ligne autorisé</label>
      <label index="tx_powermail_forms.xml.wrap.0">Pas de retour à la ligne</label>
      <label index="tx_powermail_forms.xml.wrap.1">Retour à la ligne autorisé</label>
      <label index="tx_powermail_forms.xml.multiple">Séléction multiple autorisée</label>
      <label index="tx_powermail_forms.xml.options">Saisir vos options</label>
      <label index="tx_powermail_forms.xml.relation">Elément de contenu TYPO3</label>
      <label index="tx_powermail_forms.xml.send">Envoyer cet élément de contenu via email</label>
      <label index="tx_powermail_forms.xml.value">Valeur par défaut</label>
      <label index="tx_powermail_forms.xml.src">Chemin vers l'image</label>
      <label index="tx_powermail_forms.xml.alt">Texte alternatif pour l'image</label>
      <label index="tx_powermail_forms.xml.preselect">Suppression de pays pour présélection</label>
      <label index="tx_powermail_forms.xml.within">Afficher ces pays uniquement</label>
      <label index="tx_powermail_forms.xml.without">Afficher la liste sans ces pays</label>
      <label index="tx_powermail_forms.xml.typoscript">Object typoscript</label>
      <label index="tx_powermail_forms.xml.validate">Valider ce champ en tant que</label>
      <label index="tx_powermail_forms.xml.validate.1">Adresse e-mail</label>
      <label index="tx_powermail_forms.xml.validate.2">URL</label>
      <label index="tx_powermail_forms.xml.validate.3">Chiffres uniquement</label>
      <label index="tx_powermail_forms.xml.validate.4">Chiffres uniquement (sans virgule ou point)</label>
      <label index="tx_powermail_forms.xml.validate.5">Lettres uniquement</label>
      <label index="tx_powermail_forms.xml.validate.6">Lettres et chiffres uniquement</label>
      <label index="tx_powermail_forms.xml.validate.7">Expression régulière</label>
      <label index="tx_powermail_forms.xml.validate.8">Lettres uniquement (Umlauts compris)</label>
      <label index="tx_powermail_forms.xml.validate.9">Lettres et chiffres uniquement (Umlauts compris)</label>
      <label index="tx_powermail_forms.xml.inputtype">Type de champ HTML5</label>
      <label index="tx_powermail_forms.xml.inputtype.0">Texte</label>
      <label index="tx_powermail_forms.xml.inputtype.1">Couleur</label>
      <label index="tx_powermail_forms.xml.inputtype.2">Plage</label>
      <label index="tx_powermail_forms.xml.inputtype.3">Téléphone</label>
      <label index="tx_powermail_forms.xml.inputtype.4">Heure</label>
      <label index="tx_powermail_forms.xml.min">Date minimale</label>
      <label index="tx_powermail_forms.xml.max">Date maximale</label>
      <label index="tx_powermail_forms.xml.mincalc">Calculer la date minimum depuis maintenant (en nombre de jours)</label>
      <label index="tx_powermail_forms.xml.maxcalc">Calculer la date maximum depuis maintenant (en nombre de jours)</label>
      <label index="tx_powermail_forms.xml.step">Autoriser les étapes (HTML5)</label>
      <label index="tx_powermail_forms.xml.pattern">Motif RegEx pour la valeur (HTML5)</label>
      <label index="tx_powermail_forms.xml.placeholder">Champ fictif (HTML5)</label>
      <label index="tx_powermail_forms.xml.example">Exemple de champ</label>
      <label index="tx_powermail_forms.xml.countryzone">Ajouter une sélection de Code Postal ( Necessite XAJAX )</label>
      <label index="tx_powermail_forms.xml.error">Veuillez séléctionner un type de champ pour continuer</label>
      <label index="tx_powermail_forms.xml.countryselect.error">Veuillez installer l'extension static_info_tables pour utiliser cette option</label>
      <label index="tx_powermail_forms.xml.date.showselector">afficher la sélection du mois et de l'année</label>
      <label index="tx_powermail_forms.xml.clearSession">Rafraichissez la page</label>
    </languageKey>
  </data>
</T3locallangExt>
