<?xml version="1.0" encoding="UTF-8"?>
<T3locallangExt>
  <data type="array">
    <languageKey index="fr" type="array">
      <label index="tt_news">Nouvelles</label>
      <label index="tt_news.tabs.special">Spécial</label>
      <label index="tt_news.tabs.media">Média</label>
      <label index="tt_news.tabs.catAndRels">Catégories et Relations</label>
      <label index="tt_news.tabs.categories">Catégories</label>
      <label index="tt_news.tabs.access">Accès</label>
      <label index="tt_news.tabs.extended">Etendues</label>
      <label index="tt_news.uid">ID :</label>
      <label index="tt_news.tstamp">Dernière mise à jour :</label>
      <label index="tt_news.pid">Page :</label>
      <label index="tt_news.type.I.0">Nouvelles</label>
      <label index="tt_news.type.I.1">Lien vers une page interne</label>
      <label index="tt_news.type.I.2">Lien vers une url externe</label>
      <label index="tt_news.datetime">Date/Heure :</label>
      <label index="tt_news.archivedate">Date d'archivage :</label>
      <label index="tt_news.no_auto_pb">Aucun saut de ligne automatique pour cet article</label>
      <label index="tt_news.manageCategories">Ouvrir le gestionnaire de catégorie</label>
      <label index="tt_news.editCategory">Éditer une catégorie</label>
      <label index="tt_news.editDefLangVersion">Éditer la langue par défaut pour cet article</label>
      <label index="tt_news.imagealttext">Texte alternatif pour l'image</label>
      <label index="tt_news.imagetitletext">Titre alternatif pour l'image</label>
      <label index="tt_news.related">Nouvelles en relation :</label>
      <label index="tt_news.random">Ordre aléatoire</label>
      <label index="tt_news.category">Catégorie :</label>
      <label index="tt_news_cat">Catégories de nouvelles</label>
      <label index="tt_news_cat.image">Catégories d'image</label>
      <label index="tt_news_cat.createNewParentCategory">Créer une catégorie parente</label>
      <label index="tt_news_cat.listCategories">Liste des catégories</label>
      <label index="tt_news_cat.title_lang_ol">Titre de la catégorie (traduction)</label>
      <label index="tt_news_cat.parent_category">Catégorie parente</label>
      <label index="tt_news_cat.shortcut">Raccourci vers la catégorie</label>
      <label index="tt_news_cat.shortcut_target">Cible du raccourci</label>
      <label index="tt_news_cat.single_pid">Page de détail pour cette catégorie</label>
      <label index="tt_news_cat.description">Description</label>
      <label index="tt_news.pi_flexform.sheet_general">Configuration générale</label>
      <label index="tt_news.pi_flexform.sheet_template">Gabarit</label>
      <label index="tt_news.pi_flexform.sheet_category">Configuration des catégories</label>
      <label index="tt_news.pi_flexform.sheet_misc">Autre configuration</label>
      <label index="tt_news.pi_flexform.what_to_display">Mode d'affichage :</label>
      <label index="tt_news.pi_flexform.codeFromTS">Défini en TypoScript</label>
      <label index="tt_news.pi_flexform.LIST">Vue liste standard (LIST)</label>
      <label index="tt_news.pi_flexform.LIST2">Vue liste avancée avec 6 templates alternatifs (LIST2)</label>
      <label index="tt_news.pi_flexform.LIST3">Vue liste standard avec 3 templates alternatifs (LIST3)</label>
      <label index="tt_news.pi_flexform.LATEST">Vue Teaser (LATEST)</label>
      <label index="tt_news.pi_flexform.SINGLE">Vue Fiche détaillée (SINGLE)</label>
      <label index="tt_news.pi_flexform.SINGLE2">Vue Fiche détaillée avec 3 marqueurs d'image (SINGLE2)</label>
      <label index="tt_news.pi_flexform.HEADER_LIST">Liste de titres sans images (HEADER_LIST)</label>
      <label index="tt_news.pi_flexform.AMENU">Menu des archives (AMENU)</label>
      <label index="tt_news.pi_flexform.SEARCH">Formulaire de recherche avec liste de résultat (SEARCH)</label>
      <label index="tt_news.pi_flexform.CATMENU">Menu des catégories (CATMENU)</label>
      <label index="tt_news.pi_flexform.VERSION_PREVIEW">Prévisualisation d'actualité avant publication (VERSION_PREVIEW)</label>
      <label index="tt_news.pi_flexform.listOrderby">"Classer par" (LIST et SINGLE)</label>
      <label index="tt_news.pi_flexform.ascDesc">Ordre (LIST et SINGLE)</label>
      <label index="tt_news.pi_flexform.ascDesc_asc">Croissant</label>
      <label index="tt_news.pi_flexform.ascDesc_desc">Décroissant</label>
      <label index="tt_news.pi_flexform.select_deselect_categories">Affichage des catégories</label>
      <label index="tt_news.pi_flexform.itemsHeader">Options spéciales</label>
      <label index="tt_news.pi_flexform.category_selection_notCategorized">[nouvelles non catégorisées]</label>
      <label index="tt_news.pi_flexform.category_selection">Sélection de catégorie</label>
      <label index="tt_news.pi_flexform.category_selection_showAll">Afficher tout (ne prend pas en compte la sélection ci-dessous)</label>
      <label index="tt_news.pi_flexform.category_selection_showSelected">Afficher les articles avec les catégories sélectionnées (OU)</label>
      <label index="tt_news.pi_flexform.category_selection_showSelectedAND">Afficher les articles avec les catégories sélectionnées (ET)</label>
      <label index="tt_news.pi_flexform.category_selection_DontShowSelected">Ne PAS afficher les articles avec les catégories sélectionnées (AND)</label>
      <label index="tt_news.pi_flexform.category_selection_DontShowSelectedOR">Ne PAS afficher les articles avec les catégories sélectionnées (OR)</label>
      <label index="tt_news.pi_flexform.useSubCategories">Utiliser les sous-catégories</label>
      <label index="tt_news.pi_flexform.useSubCategories_TS">Défini en Typoscript</label>
      <label index="tt_news.pi_flexform.yes">Oui</label>
      <label index="tt_news.pi_flexform.no">Non</label>
      <label index="tt_news.pi_flexform.archive">Option des archives (vue LIST)</label>
      <label index="tt_news.pi_flexform.template_file">Fichier du gabarit</label>
      <label index="tt_news.pi_flexform.template_file_ref">Référence vers le fichier du gabarit HTML</label>
      <label index="tt_news.pi_flexform.catImageMode">Lien sur la catégorie (image) :</label>
      <label index="tt_news.pi_flexform.catTextMode">Lien sur la catégorie (texte) :</label>
      <label index="tt_news.pi_flexform.recursive">Sélection récursive des niveaux :</label>
      <label index="tt_news.pi_flexform.recursive.I.0">0 niveau</label>
      <label index="tt_news.pi_flexform.recursive_TS">Défini en TypoScript</label>
      <label index="tt_news.pi_flexform.catImageMaxWidth">Largeur max de l'image de catégorie :</label>
      <label index="tt_news.pi_flexform.catImageMaxHeight">Hauteur max de l'image de catégorie :</label>
      <label index="tt_news.pi_flexform.maxCatImages">Nombre maximal des images de catégorie :</label>
      <label index="tt_news.pi_flexform.maxTextLength">Longueur max du texte de catégorie :</label>
      <label index="tt_news.pi_flexform.maxCatTexts">Nombre max des textes de catégories :</label>
      <label index="tt_news.pi_flexform.PIDitemDisplay">Lien vers la page détail :</label>
      <label index="tt_news.pi_flexform.backPid">Lien vers la page de retour :</label>
      <label index="tt_news.pi_flexform.archive_nonarc">Afficher les articles non archivés</label>
      <label index="tt_news.pi_flexform.archive_arc">Afficher les articles archivés</label>
      <label index="tt_news.pi_flexform.archive_dontcare">Ne pas prendre en compte</label>
      <label index="tt_news.pi_flexform.catLinkMode_TS">Défini en Typoscript</label>
      <label index="tt_news.pi_flexform.catLinkMode_dontshow">Ne rien afficher</label>
      <label index="tt_news.pi_flexform.catLinkMode_shownolink">Afficher, mais non cliquables</label>
      <label index="tt_news.pi_flexform.catLinkMode_catshortcut">Afficher comme un raccourci de catégorie</label>
      <label index="tt_news.pi_flexform.catLinkMode_catsel">Afficher comme un sélecteur de catégorie</label>
      <label index="tt_news.pi_flexform.firstImageIsPreview">Ne pas afficher la 1ère image en vue SINGLE</label>
      <label index="tt_news.pi_flexform.forceFirstImageIsPreview">Ne pas afficher la 1ère image en vue SINGLE même quand une seule image est disponible</label>
      <label index="tt_news.pi_flexform.limit">Limite : Nombre d'articles (LIST et SINGLE) max à afficher :</label>
      <label index="tt_news.pi_flexform.listStartId">ID de départ : Forcer (vue LIST et SINGLE) à démarrer depuis cet ID de news</label>
      <label index="tt_news.pi_flexform.noPageBrowser">Ne pas afficher le navigateur de pages en vue LIST</label>
      <label index="tt_news.pi_flexform.imageMaxWidth">Largeur maximale pour les images (optionSplit acceptés)</label>
      <label index="tt_news.pi_flexform.imageMaxHeight">Hauteur maximale pour les images (optionSplit acceptés)</label>
      <label index="tt_news.pi_flexform.altLayoutsOptionSplit">Numéro de template / optionSplit des numéros de template</label>
      <label index="tt_news.pi_flexform.alternatingLayouts">Nombre de gabarits alternatifs</label>
      <label index="tt_news.pi_flexform.croppingLenght">stdWrap.crop pour les en-têtes</label>
      <label index="tt_news.pi_flexform.croppingLenghtOptionSplit">OptionSplit pour la longueur des sous titres (surcharge stdWrap.crop)</label>
      <label index="tt_news.pi_flexform.maxWordsInSingleView">Insérer un saut de page (vue SINGLE) après ce nombre de mots</label>
      <label index="tt_news.pi_flexform.startingpoint">Pages contenant des enregistrements d'actualités</label>
      <label index="tt_news.pi_flexform.tsconfig">Typoscript pour ce contenu (plugin.tt_news.[votre TS])</label>
      <label index="tt_news.categorymounts">tt_news : catégories permises/visibles</label>
      <label index="tt_news.treeSelect.msg_notInGRSP">La catégorie courante ne se trouve pas dans la "page de stockage des enregistrements généraux" alors que l'option "useStoragePid" est activée dans les configurations de tt_news. La sélection d'une catégorie parente située dans une autre page n'est pas supportée.</label>
      <label index="tt_news.treeSelect.msg_emptyTree">Aucune catégorie trouvée dans la page : ###PID###</label>
      <label index="tt_news.treeSelect.translOrgCat">Catégories provenant la version originale de l'enregistrement :</label>
      <label index="tt_news.treeSelect.translOrgNoCat">La version originale de l'enregistrement n'a pas de catégorie assignée.</label>
      <label index="tt_news.treeSelect.pageTitleSuffix">[pid : %s]</label>
      <label index="tt_news.treeSelect.pageTitleSuffixNoGrsp">[toutes les pages]</label>
      <label index="tt_news.treeSelect.treeTitle">Catégories d'actualités</label>
    </languageKey>
  </data>
</T3locallangExt>
